tax	AnaholaK-F1	AnaholaK-F2	AnaholaK-F3	AnaholaK-F4	KalaheoK-B1	KalaheoK-B2	KalaheoK-B3	KalaheoK-B4	Kauai_community_collegeK-D1	Kauai_community_collegeK-D2	Kauai_community_collegeK-D3	Kauai_community_collegeK-D4	Kauai_community_collegeK-D5	Kauai_community_collegeK-D6	Kauai_community_collegeK-D7	Kauai_community_collegeK-D8	LihueK-A1	LihueK-A2	Olohena_rdK-E1	Olohena_rdK-E2	Olohena_rdK-E3	Olohena_rdK-E4	PoipuK-C1	PoipuK-C2	total
Unclassified;Unknown;Unknown;Unknown;Unknown;Unknown;Unknown;Unknown	24911	4360	15162	11382	29916	20303	17922	17015	26119	282	18122	9110	10137	8389	29362	13408	10886	30577	29649	23988	13174	17322	23555	11201	416252
Eukaryota;Metazoa;Arthropoda;Insecta;Hymenoptera;Apidae;Apis;Apis mellifera	14451	281	6104	2095	10928	8045	7063	6776	14414	188	12132	8961	8977	8433	9858	1865	2978	9622	9984	11074	7137	8421	7118	5812	182717
Viruses;Heunggongvirae;Uroviricota;Caudoviricetes;Caudoviricetes_Incertae_sedis;Caudoviricetes_Incertae_sedis;Muvirus;Muvirus mu	72	2	6	3	14	79	0	1	0	0	7139	3418	4134	4160	1	0	1	0	0	4	3	3	1	0	19041
Viruses;Heunggongvirae;Uroviricota;Caudoviricetes;Caudoviricetes_Incertae_sedis;Caudoviricetes_Incertae_sedis;Muvirus;Muvirus SfMu	83	0	2	6	4	98	0	2	1	0	6930	3406	4166	4122	2	0	0	1	0	5	4	2	1	0	18835
Bacteria;Bacteria_none;Pseudomonadota;Gammaproteobacteria;Orbales;Orbaceae;Gilliamella;Gilliamella apicola	365	0	255	18	373	208	128	141	234	0	359	153	226	345	134	0	1	61	17	167	321	103	336	294	4239
Bacteria;Bacteria_none;Bacillota;Bacilli;Lactobacillales;Enterococcaceae;Melissococcus;Melissococcus plutonius	276	0	213	15	181	169	126	51	221	0	257	150	169	240	34	0	0	40	1	72	191	117	113	154	2790
Bacteria;Bacteria_none;Pseudomonadota;Gammaproteobacteria;Orbales;Orbaceae;Frischella;Frischella perrara	114	0	396	11	48	6	8	8	91	0	113	45	69	185	28	0	0	36	4	9	77	58	29	37	1372
Bacteria;Bacteria_none;Pseudomonadota;Betaproteobacteria;Neisseriales;Neisseriaceae;Snodgrassella;Snodgrassella alvi	88	0	164	4	49	126	55	26	79	0	128	41	98	109	28	1	0	22	12	36	72	6	65	28	1237
Bacteria;Bacteria_none;Bacillota;Bacilli;Lactobacillales;Lactobacillaceae;Bombilactobacillus;Bombilactobacillus mellis	139	0	113	1	67	87	53	16	85	0	69	28	90	62	15	0	0	4	2	42	74	19	32	49	1047
Eukaryota;Metazoa;Arthropoda;Arachnida;Mesostigmata;Varroidae;Varroa;Varroa destructor	57	0	1	20	59	63	3	44	71	0	12	19	38	45	18	26	41	47	19	20	40	29	27	23	722
Bacteria;Bacteria_none;Bacillota;Bacilli;Lactobacillales;Lactobacillaceae;Lactobacillus;Lactobacillus apis	62	0	44	5	60	31	26	24	17	0	13	17	32	28	7	0	0	5	2	22	37	7	13	17	469
Bacteria;Bacteria_none;Bacillota;Bacilli;Bacillales;Paenibacillaceae;Paenibacillus;Paenibacillus larvae	39	0	23	0	36	14	9	12	18	0	34	15	21	31	6	0	0	5	1	7	34	5	22	21	353
Bacteria;Bacteria_none;Pseudomonadota;Gammaproteobacteria;Pseudomonadales;Pseudomonadaceae;Entomomonas;Entomomonas asaccharolytica	12	0	9	0	73	0	0	58	0	0	0	0	10	1	35	0	0	5	10	13	24	35	3	4	292
Bacteria;Bacteria_none;Pseudomonadota;Gammaproteobacteria;Orbales;Orbaceae;Gilliamella;Gilliamella bombi	26	0	26	0	22	7	4	12	11	0	21	11	20	24	3	0	0	4	2	14	12	5	15	16	255
Bacteria;Bacteria_none;Bacillota;Bacilli;Lactobacillales;Lactobacillaceae;Lactobacillus;Lactobacillus melliventris	43	0	24	2	4	29	11	3	9	0	24	9	12	6	2	1	0	1	1	9	19	12	12	10	243
Bacteria;Bacteria_none;Pseudomonadota;Gammaproteobacteria;Orbales;Orbaceae;Gilliamella;Gilliamella mensalis	21	0	20	4	15	5	4	5	12	0	20	10	13	22	4	0	0	6	1	11	22	12	7	17	231
Bacteria;Bacteria_none;Bacteroidota;Flavobacteriia;Flavobacteriales;Weeksellaceae;Apibacter;Apibacter mensalis	23	0	14	0	2	21	22	5	4	0	14	1	7	1	2	0	0	10	2	15	11	5	4	3	166
Bacteria;Bacteria_none;Pseudomonadota;Gammaproteobacteria;Orbales;Orbaceae;Gilliamella;Gilliamella bombicola	16	0	10	2	8	7	3	5	8	0	8	5	9	20	8	0	0	4	0	7	16	7	13	3	159
Viruses;Orthornavirae;Lenarviricota;Leviviricetes;Timlovirales;Steitzviridae;Kinglevirus;Kinglevirus lutadaptatum	18	0	14	0	3	4	0	2	10	0	11	6	2	20	3	0	0	3	0	10	6	7	2	5	126
Bacteria;Bacteria_none;Bacillota;Bacilli;Lactobacillales;Lactobacillaceae;Bombilactobacillus;Bombilactobacillus mellifer	12	0	5	0	11	2	5	3	12	0	14	7	12	6	5	0	0	1	0	5	5	0	1	1	107
Bacteria;Bacteria_none;Pseudomonadota;Betaproteobacteria;Neisseriales;Neisseriaceae;Snodgrassella;Snodgrassella gandavensis	9	0	12	0	1	6	2	3	7	0	13	2	6	9	0	0	0	1	0	3	4	1	5	2	86
Viruses;Viruses_Incertae_sedis;Viruses_Incertae_sedis;Viruses_Incertae_sedis;Viruses_Incertae_sedis;Polydnaviriformidae;Ichnoviriform;Ichnoviriform fumiferanae	10	0	0	0	10	8	7	2	6	0	9	5	3	3	3	0	0	9	1	4	0	0	1	0	81
Bacteria;Bacteria_none;Actinomycetota;Actinomycetes;Bifidobacteriales;Bifidobacteriaceae;Bifidobacterium;Bifidobacterium polysaccharolyticum	15	0	2	0	10	12	2	3	5	0	2	1	5	5	0	0	0	2	0	5	5	1	1	3	79
Viruses;Orthornavirae;Kitrinoviricota;Magsaviricetes;Nodamuvirales;Sinhaliviridae;Sinaivirus;Lake Sinai virus 1	0	0	0	0	0	21	0	0	0	0	0	0	46	5	0	0	0	0	0	0	1	0	0	0	73
Bacteria;Bacteria_none;Pseudomonadota;Betaproteobacteria;Neisseriales;Neisseriaceae;Snodgrassella;Snodgrassella communis	2	0	10	0	2	2	4	5	5	0	7	6	9	6	2	0	0	0	0	1	1	0	5	2	69
Bacteria;Bacteria_none;Pseudomonadota;Gammaproteobacteria;Pseudomonadales;Pseudomonadaceae;Entomomonas;Entomomonas moraniae	4	0	2	0	19	0	0	9	0	0	0	0	4	0	15	0	0	1	3	2	9	1	0	0	69
Bacteria;Bacteria_none;Pseudomonadota;Alphaproteobacteria;Rhodospirillales;Acetobacteraceae;Commensalibacter;Commensalibacter intestini	8	0	2	0	6	0	1	1	6	0	16	2	5	0	3	0	0	2	0	2	6	0	3	5	68
Bacteria;Bacteria_none;Bacillota;Bacilli;Lactobacillales;Lactobacillaceae;Lactobacillus;Lactobacillus kimbladii	8	0	3	0	2	6	0	2	5	0	8	5	0	3	1	0	0	0	0	2	5	6	3	3	62
Bacteria;Bacteria_none;Pseudomonadota;Gammaproteobacteria;Orbales;Orbaceae;Frischella;Frischella japonica	7	0	15	1	2	2	1	0	5	0	1	0	2	8	5	0	0	0	0	0	3	2	1	6	61
Bacteria;Bacteria_none;Bacillota;Bacilli;Lactobacillales;Lactobacillaceae;Lactobacillus;Lactobacillus helsingborgensis	5	0	4	0	2	4	4	2	4	0	3	0	4	6	2	0	0	1	3	0	9	1	3	2	59
Bacteria;Bacteria_none;Pseudomonadota;Gammaproteobacteria;Orbales;Orbaceae;Gilliamella;Gilliamella intestini	5	0	4	1	6	4	3	1	5	0	3	0	2	6	0	0	0	0	0	3	4	3	6	2	58
Bacteria;Bacteria_none;Bacillota;Bacilli;Lactobacillales;Lactobacillaceae;Lactobacillus;Lactobacillus kullabergensis	4	0	3	0	2	3	1	0	4	0	2	0	7	1	0	0	0	0	0	0	9	5	1	3	45
Bacteria;Bacteria_none;Bacteroidota;Bacteroidia;Bacteroidales;Dysgonomonadaceae;Dysgonomonas;Dysgonomonas capnocytophagoides	3	0	2	0	2	0	2	2	1	0	1	0	0	1	4	0	0	12	0	5	2	1	0	3	41
Bacteria;Bacteria_none;Bacillota;Bacilli;Lactobacillales;Lactobacillaceae;Lactobacillus;Lactobacillus huangpiensis	4	0	2	0	3	5	3	0	4	0	3	0	1	3	0	0	0	0	0	1	2	5	2	2	40
Eukaryota;Metazoa;Chordata;Mammalia;Artiodactyla;Suidae;Sus;Sus scrofa	2	0	0	1	2	1	1	0	1	0	0	0	0	5	0	1	9	2	10	1	0	0	0	2	38
Bacteria;Bacteria_none;Actinomycetota;Actinomycetes;Bifidobacteriales;Bifidobacteriaceae;Bifidobacterium;Bifidobacterium mizhiense	9	0	5	0	3	2	1	1	2	0	1	0	1	4	0	0	0	0	0	0	2	4	1	2	38
Eukaryota;Metazoa;Chordata;Mammalia;Primates;Cercopithecidae;Chlorocebus;Chlorocebus sabaeus	1	14	1	3	0	0	0	0	0	0	1	0	1	0	1	0	13	0	1	0	1	0	0	0	37
Bacteria;Bacteria_none;Actinomycetota;Actinomycetes;Bifidobacteriales;Bifidobacteriaceae;Bifidobacterium;Bifidobacterium choladohabitans	5	0	5	0	4	3	1	1	2	0	2	0	2	2	0	0	0	0	0	2	1	1	0	2	33
Bacteria;Bacteria_none;Bacteroidota;Bacteroidia;Bacteroidales;Dysgonomonadaceae;Dysgonomonas;Dysgonomonas hofstadii	5	0	2	0	4	0	3	1	0	0	0	0	3	2	1	0	0	3	1	2	1	1	0	4	33
Bacteria;Bacteria_none;Pseudomonadota;Alphaproteobacteria;Hyphomicrobiales;Bartonellaceae;Bartonella;Bartonella apis	8	0	4	0	5	0	1	0	1	0	2	0	1	0	3	0	0	2	1	0	0	0	1	2	31
Viruses;Heunggongvirae;Uroviricota;Caudoviricetes;Caudoviricetes_Incertae_sedis;Peduoviridae;Wadgaonvirus;Wadgaonvirus wv5004651	2	0	4	0	0	0	2	0	0	0	6	2	0	3	0	0	0	0	2	0	3	0	2	2	28
Bacteria;Bacteria_none;Bacteroidota;Bacteroidia;Bacteroidales;Dysgonomonadaceae;Dysgonomonas;Dysgonomonas massiliensis	1	0	1	0	2	0	0	5	2	0	0	0	1	0	3	0	0	2	0	6	3	0	1	0	27
Viruses;Viruses_Incertae_sedis;Viruses_Incertae_sedis;Viruses_Incertae_sedis;Viruses_Incertae_sedis;Viruses_Incertae_sedis;Viruses_Incertae_sedis;Apis mellifera filamentous virus	0	0	1	0	3	3	0	1	0	0	1	12	0	0	1	1	0	1	0	1	0	0	0	0	25
Bacteria;Bacteria_none;Actinomycetota;Actinomycetes;Bifidobacteriales;Bifidobacteriaceae;Bifidobacterium;Bifidobacterium apousia	4	0	4	0	1	2	0	0	1	0	3	0	0	0	0	0	0	0	0	2	0	1	1	4	23
Bacteria;Bacteria_none;Bacteroidota;Bacteroidia;Bacteroidales;Dysgonomonadaceae;Dysgonomonas;Dysgonomonas gadei	1	0	0	0	2	0	0	2	2	0	0	0	0	2	7	0	0	1	0	3	1	0	0	1	22
Bacteria;Bacteria_none;Bacteroidota;Bacteroidia;Bacteroidales;Dysgonomonadaceae;Dysgonomonas;Dysgonomonas mossii	3	0	0	0	4	0	0	1	0	0	1	0	1	0	2	0	0	3	0	2	0	0	2	2	21
Bacteria;Bacteria_none;Bacillota;Bacilli;Lactobacillales;Lactobacillaceae;Lactobacillus;Lactobacillus laiwuensis	1	0	2	0	0	0	1	0	2	0	3	0	2	3	0	0	0	0	0	1	1	3	0	2	21
Viruses;Bamfordvirae;Nucleocytoviricota;Megaviricetes;Imitervirales;Mimiviridae;Theiavirus;Theiavirus salishense	0	0	1	0	2	0	1	0	4	0	2	0	0	0	2	0	0	4	1	0	1	0	0	1	19
Bacteria;Bacteria_none;Actinomycetota;Actinomycetes;Bifidobacteriales;Bifidobacteriaceae;Bifidobacterium;Bifidobacterium asteroides	4	0	0	0	3	2	0	0	0	0	2	1	0	1	1	0	0	1	0	1	1	0	2	0	19
Bacteria;Bacteria_none;Pseudomonadota;Gammaproteobacteria;Orbales;Orbaceae;Orbus;Orbus sasakiae	0	0	1	0	2	1	1	1	2	0	1	1	0	4	0	0	0	0	1	2	2	0	0	0	19
Bacteria;Bacteria_none;Bacillota;Bacilli;Lactobacillales;Lactobacillaceae;Bombilactobacillus;Bombilactobacillus thymidiniphilus	1	0	1	0	0	1	0	1	1	0	1	1	3	3	0	0	0	0	0	0	3	0	1	1	18
Viruses;Orthornavirae;Pisuviricota;Pisoniviricetes;Picornavirales;Iflaviridae;Iflavirus;Iflavirus sacbroodi	0	0	0	0	0	0	0	15	0	0	0	1	0	0	0	0	0	0	0	0	0	0	0	0	16
Viruses;Orthornavirae;Pisuviricota;Pisoniviricetes;Nidovirales;Arteriviridae;Betaarterivirus;Betaarterivirus suid 2	0	0	0	1	0	0	0	0	0	0	0	0	0	0	0	0	14	0	0	0	0	0	0	0	15
Eukaryota;Fungi;Ascomycota;Archaeorhizomycetes;Archaeorhizomycetales;Archaeorhizomycetaceae;Archaeorhizomyces;Archaeorhizomyces finlayi	1	0	0	0	1	0	1	3	0	0	2	0	0	0	3	0	0	0	1	0	1	0	1	0	14
Bacteria;Bacteria_none;Pseudomonadota;Gammaproteobacteria;Oceanospirillales;Zooshikellaceae;Zooshikella;Zooshikella rubidus	1	0	0	0	2	0	0	0	0	0	0	0	0	1	3	0	0	1	3	0	3	0	0	0	14
Bacteria;Bacteria_none;Bacteroidota;Flavobacteriia;Flavobacteriales;Weeksellaceae;Apibacter;Apibacter adventoris	3	0	0	0	0	3	2	1	2	0	0	0	0	0	1	0	0	0	0	0	1	0	0	0	13
Bacteria;Bacteria_none;Bacteroidota;Bacteroidia;Bacteroidales;Dysgonomonadaceae;Dysgonomonas;Dysgonomonas termitidis	2	0	1	0	2	0	0	2	0	0	0	0	0	1	0	0	0	1	0	1	0	0	1	1	12
Bacteria;Bacteria_none;Bacteroidota;Bacteroidia;Bacteroidales;Tannerellaceae;Parabacteroides;Parabacteroides gordonii	1	0	0	0	1	0	0	0	2	0	0	0	1	1	4	0	0	1	1	0	0	0	0	0	12
Bacteria;Bacteria_none;Bacteroidota;Bacteroidia;Bacteroidales;Dysgonomonadaceae;Seramator;Seramator thermalis	1	0	0	0	0	0	0	1	0	0	0	0	0	0	3	0	0	1	1	4	0	0	0	0	11
Bacteria;Bacteria_none;Bacillota;Bacilli;Lactobacillales;Lactobacillaceae;Lactobacillus;Lactobacillus bombicola	2	0	2	0	1	0	0	1	1	0	1	0	1	0	0	0	0	0	1	0	0	0	0	1	11
Eukaryota;Fungi;Ascomycota;Dothideomycetes;Pleosporales;Halotthiaceae;Brunneoclavispora;Brunneoclavispora bambusae	1	0	0	0	0	1	0	0	1	0	0	1	0	1	1	0	0	2	0	0	1	0	1	0	10
Bacteria;Bacteria_none;Pseudomonadota;Gammaproteobacteria;Enterobacterales;Enterobacteriaceae;Pseudescherichia;Pseudescherichia vulneris	2	0	0	0	0	0	0	0	0	0	2	1	3	1	0	0	0	0	0	0	0	1	0	0	10
Bacteria;Bacteria_none;Actinomycetota;Actinomycetes;Bifidobacteriales;Bifidobacteriaceae;Bifidobacterium;Bifidobacterium coryneforme	1	0	1	0	0	1	1	1	1	0	2	0	1	0	0	0	0	0	0	0	0	1	0	0	10
Viruses;Orthornavirae;Pisuviricota;Pisoniviricetes;Picornavirales;Dicistroviridae;Triatovirus;Triatovirus nigereginacellulae	0	0	0	0	0	0	0	4	0	0	0	2	0	0	3	0	0	0	0	0	0	0	0	0	9
Bacteria;Bacteria_none;Bacillota;Bacilli;Lactobacillales;Lactobacillaceae;Lactobacillus;Lactobacillus panisapium	2	0	2	0	1	1	0	0	0	0	0	1	0	0	0	0	0	0	0	0	0	0	0	2	9
Bacteria;Bacteria_none;Bacillota;Bacilli;Lactobacillales;Lactobacillaceae;Bombilactobacillus;Bombilactobacillus bombi	0	0	2	0	0	0	0	0	0	0	1	0	2	0	0	0	0	0	0	1	1	0	0	0	7
Bacteria;Bacteria_none;Pseudomonadota;Gammaproteobacteria;Enterobacterales;Morganellaceae;Morganella;Morganella morganii	0	0	0	0	0	0	0	0	0	0	0	0	0	0	1	0	0	0	1	0	5	0	0	0	7
Bacteria;Bacteria_none;Pseudomonadota;Alphaproteobacteria;Rhodospirillales;Acetobacteraceae;Endobacter;Endobacter medicaginis	1	0	0	0	0	0	0	0	0	0	4	0	1	0	0	0	0	0	0	0	0	0	0	0	6
Viruses;Bamfordvirae;Nucleocytoviricota;Pokkesviricetes;Chitovirales;Poxviridae;Orthopoxvirus;Monkeypox virus	0	0	0	0	0	0	2	1	0	0	1	0	0	0	1	0	0	1	0	0	0	0	0	0	6
Bacteria;Bacteria_none;Bacillota;Bacilli;Lactobacillales;Lactobacillaceae;Apilactobacillus;Apilactobacillus kunkeei	0	0	1	0	0	0	0	0	2	0	0	0	0	1	0	0	0	0	2	0	0	0	0	0	6
Bacteria;Bacteria_none;Pseudomonadota;Gammaproteobacteria;Orbales;Orbaceae;Orbus;Orbus hercynius	0	0	2	0	0	0	0	0	0	0	0	0	0	0	0	0	0	1	0	1	0	0	1	0	5
Bacteria;Bacteria_none;Bacillota;Bacilli;Lactobacillales;Lactobacillaceae;Apilactobacillus;Apilactobacillus apinorum	0	0	0	0	0	2	1	0	1	0	0	0	0	0	0	0	0	1	0	0	0	0	0	0	5
Bacteria;Bacteria_none;Bacteroidota;Bacteroidia;Bacteroidales;Dysgonomonadaceae;Dysgonomonas;Dysgonomonas oryzarvi	1	0	0	0	0	0	0	0	0	0	0	0	1	0	1	0	0	0	0	1	1	0	0	0	5
Bacteria;Bacteria_none;Pseudomonadota;Gammaproteobacteria;Pseudomonadales;Pseudomonadaceae;Pseudomonas;Pseudomonas saudiphocaensis	0	0	0	0	0	0	0	0	0	0	0	0	0	1	1	0	0	0	0	1	1	1	0	0	5
Bacteria;Bacteria_none;Actinomycetota;Actinomycetes;Bifidobacteriales;Bifidobacteriaceae;Bifidobacterium;Bifidobacterium indicum	1	0	1	0	0	0	0	0	0	0	2	0	0	1	0	0	0	0	0	0	0	0	0	0	5
Bacteria;Bacteria_none;Actinomycetota;Actinomycetes;Bifidobacteriales;Bifidobacteriaceae;Bifidobacterium;Bifidobacterium actinocoloniiforme	2	0	0	0	0	1	0	0	0	0	0	0	0	1	0	0	0	0	0	0	0	0	0	0	4
Bacteria;Bacteria_none;Bacillota;Clostridia;Lachnospirales;Lachnospiraceae;Blautia;Blautia liquoris	0	0	0	0	2	0	0	2	0	0	0	0	0	0	0	0	0	0	0	0	0	0	0	0	4
Bacteria;Bacteria_none;Actinomycetota;Actinomycetes;Bifidobacteriales;Bifidobacteriaceae;Bifidobacterium;Bifidobacterium porcinum	0	0	0	0	1	0	0	0	0	0	1	0	2	0	0	0	0	0	0	0	0	0	0	0	4
Bacteria;Bacteria_none;Bacteroidota;Bacteroidia;Bacteroidales;Odoribacteraceae;Odoribacter;Odoribacter splanchnicus	1	0	1	0	0	0	1	0	0	0	0	0	0	0	1	0	0	0	0	0	0	0	0	0	4
Bacteria;Bacteria_none;Actinomycetota;Actinomycetes;Bifidobacteriales;Bifidobacteriaceae;Bifidobacterium;Bifidobacterium rousetti	1	0	2	0	0	0	0	0	0	0	0	0	0	0	0	0	0	0	0	0	0	0	0	0	3
Bacteria;Bacteria_none;Bacillota;Bacilli;Lactobacillales;Lactobacillaceae;Lactobacillus;Lactobacillus helveticus	1	0	0	0	0	0	1	0	0	0	0	0	0	1	0	0	0	0	0	0	0	0	0	0	3
Bacteria;Bacteria_none;Pseudomonadota;Gammaproteobacteria;Enterobacterales;Enterobacteriaceae;Scandinavium;Scandinavium goeteborgense	0	0	0	0	0	0	0	0	0	0	1	2	0	0	0	0	0	0	0	0	0	0	0	0	3
Bacteria;Bacteria_none;Bacillota;Bacilli;Lactobacillales;Lactobacillaceae;Companilactobacillus;Companilactobacillus suantsaicola	0	0	0	0	1	0	0	1	0	0	0	0	0	0	0	0	0	0	0	1	0	0	0	0	3
Bacteria;Bacteria_none;Pseudomonadota;Gammaproteobacteria;Enterobacterales;Pectobacteriaceae;Dickeya;Dickeya chrysanthemi	0	0	0	0	0	0	0	0	0	0	0	1	0	0	0	0	0	0	0	1	1	0	0	0	3
Viruses;Bamfordvirae;Nucleocytoviricota;Pokkesviricetes;Chitovirales;Poxviridae;Orthopoxvirus;Ectromelia virus	0	0	0	0	0	0	0	0	1	0	0	1	0	0	1	0	0	0	0	0	0	0	0	0	3
Eukaryota;Fungi;Ascomycota;Dothideomycetes;Pleosporales;Pleosporales_Incertae_sedis;Mangifericomes;Mangifericomes hongheensis	1	0	0	0	0	0	0	0	0	0	0	2	0	0	0	0	0	0	0	0	0	0	0	0	3
Bacteria;Bacteria_none;Bacillota;Bacilli;Lactobacillales;Lactobacillaceae;Apilactobacillus;Apilactobacillus nanyangensis	1	0	0	0	1	0	1	0	0	0	0	0	0	0	0	0	0	0	0	0	0	0	0	0	3
Viruses;Heunggongvirae;Peploviricota;Herviviricetes;Herpesvirales;Alloherpesviridae;Cyvirus;Cyvirus cyprinidallo1	0	0	0	0	0	0	0	1	0	0	0	0	0	0	1	0	0	0	0	0	0	0	1	0	3
Viruses;Heunggongvirae;Uroviricota;Caudoviricetes;Caudoviricetes_Incertae_sedis;Caudoviricetes_Incertae_sedis;Traversvirus;Traversvirus SH2026Stx1	0	0	0	0	0	0	0	0	0	0	0	0	0	0	1	2	0	0	0	0	0	0	0	0	3
Bacteria;Bacteria_none;Pseudomonadota;Alphaproteobacteria;Rhodospirillales;Acetobacteraceae;Bombella;Bombella apis	1	0	0	0	0	0	0	0	0	0	0	0	0	1	0	0	0	1	0	0	0	0	0	0	3
Bacteria;Bacteria_none;Actinomycetota;Actinomycetes;Bifidobacteriales;Bifidobacteriaceae;Bifidobacterium;Bifidobacterium apri	1	0	0	0	0	0	0	0	0	0	0	0	0	0	0	0	0	0	0	2	0	0	0	0	3
Bacteria;Bacteria_none;Pseudomonadota;Gammaproteobacteria;Enterobacterales;Enterobacteriaceae;Yokenella;Yokenella regensburgei	1	0	0	0	0	0	0	0	1	0	0	0	0	0	0	0	0	0	0	0	0	0	0	0	2
Bacteria;Bacteria_none;Bacillota;Bacilli;Lactobacillales;Lactobacillaceae;Lactobacillus;Lactobacillus gallinarum	1	0	0	0	0	0	0	0	1	0	0	0	0	0	0	0	0	0	0	0	0	0	0	0	2
Bacteria;Bacteria_none;Bacillota;Bacilli;Lactobacillales;Lactobacillaceae;Apilactobacillus;Apilactobacillus zhangqiuensis	0	0	0	0	0	0	1	0	0	0	1	0	0	0	0	0	0	0	0	0	0	0	0	0	2
Bacteria;Bacteria_none;Bacillota;Bacilli;Lactobacillales;Lactobacillaceae;Lactobacillus;Lactobacillus colini	0	0	0	0	0	0	0	0	0	0	0	0	1	0	0	0	0	0	0	0	1	0	0	0	2
Bacteria;Bacteria_none;Bacteroidota;Bacteroidia;Bacteroidales;Bacteroidaceae;Bacteroides;Bacteroides faecichinchillae	0	0	0	0	0	0	0	0	0	0	0	0	0	0	1	0	0	0	0	1	0	0	0	0	2
Bacteria;Bacteria_none;Pseudomonadota;Gammaproteobacteria;Enterobacterales;Pectobacteriaceae;Pectobacterium;Pectobacterium betavasculorum	0	0	0	0	0	0	0	0	1	0	0	0	1	0	0	0	0	0	0	0	0	0	0	0	2
Bacteria;Bacteria_none;Actinomycetota;Actinomycetes;Bifidobacteriales;Bifidobacteriaceae;Bifidobacterium;Bifidobacterium boum	1	0	0	0	0	0	0	0	0	0	1	0	0	0	0	0	0	0	0	0	0	0	0	0	2
Viruses;Orthornavirae;Pisuviricota;Stelpaviricetes;Patatavirales;Potyviridae;Potyvirus;Potyvirus bidenstessellati	0	0	0	0	0	2	0	0	0	0	0	0	0	0	0	0	0	0	0	0	0	0	0	0	2
Bacteria;Bacteria_none;Actinomycetota;Actinomycetes;Bifidobacteriales;Bifidobacteriaceae;Bifidobacterium;Bifidobacterium bifidum	1	0	0	0	0	0	0	0	0	0	0	0	0	1	0	0	0	0	0	0	0	0	0	0	2
Bacteria;Bacteria_none;Bacteroidota;Bacteroidia;Bacteroidales;Dysgonomonadaceae;Dysgonomonas;Dysgonomonas macrotermitis	0	0	0	0	0	0	0	0	0	0	0	0	0	0	0	0	0	0	0	2	0	0	0	0	2
Bacteria;Bacteria_none;Bacteroidota;Bacteroidia;Bacteroidales;Tannerellaceae;Parabacteroides;Parabacteroides pacaensis	0	0	0	0	0	0	1	0	0	0	0	0	0	0	1	0	0	0	0	0	0	0	0	0	2
Bacteria;Bacteria_none;Pseudomonadota;Gammaproteobacteria;Moraxellales;Moraxellaceae;Acinetobacter;Acinetobacter gerneri	0	0	0	0	0	0	0	0	1	0	0	0	1	0	0	0	0	0	0	0	0	0	0	0	2
Viruses;Bamfordvirae;Nucleocytoviricota;Megaviricetes;Algavirales;Phycodnaviridae;Prymnesiovirus;Chrysochromulina parva virus	1	0	0	0	0	0	0	0	0	0	1	0	0	0	0	0	0	0	0	0	0	0	0	0	2
Bacteria;Bacteria_none;Pseudomonadota;Alphaproteobacteria;Hyphomicrobiales;Bartonellaceae;Bartonella;Bartonella vinsonii	0	0	0	1	0	0	0	0	0	0	0	0	1	0	0	0	0	0	0	0	0	0	0	0	2
Bacteria;Bacteria_none;Pseudomonadota;Alphaproteobacteria;Rhodospirillales;Acetobacteraceae;Bombella;Bombella intestini	2	0	0	0	0	0	0	0	0	0	0	0	0	0	0	0	0	0	0	0	0	0	0	0	2
Bacteria;Bacteria_none;Pseudomonadota;Alphaproteobacteria;Rhodospirillales;Acetobacteraceae;Bombella;Bombella favorum	1	0	0	0	0	0	0	0	0	0	0	0	0	0	0	0	0	0	0	0	1	0	0	0	2
Viruses;Orthornavirae;Pisuviricota;Pisoniviricetes;Picornavirales;Iflaviridae;Iflavirus;Iflavirus aladeformis	0	0	0	0	0	0	0	0	0	0	0	1	0	0	0	0	0	0	0	0	0	0	0	0	1
Viruses;Orthornavirae;Pisuviricota;Pisoniviricetes;Picornavirales;Iflaviridae;Iflavirus;Varroa destructor virus 1	0	0	0	0	0	0	0	0	0	0	0	1	0	0	0	0	0	0	0	0	0	0	0	0	1
Bacteria;Bacteria_none;Pseudomonadota;Gammaproteobacteria;Oceanospirillales;Halomonadaceae;Zymobacter;Zymobacter palmae	0	0	0	0	0	0	0	1	0	0	0	0	0	0	0	0	0	0	0	0	0	0	0	0	1
Bacteria;Bacteria_none;Pseudomonadota;Gammaproteobacteria;Moraxellales;Moraxellaceae;Acinetobacter;Acinetobacter nectaris	0	0	0	0	0	0	0	0	0	0	0	0	0	0	0	0	0	1	0	0	0	0	0	0	1
Bacteria;Bacteria_none;Pseudomonadota;Gammaproteobacteria;Enterobacterales;Yersiniaceae;Serratia;Serratia rubidaea	0	0	0	0	0	0	0	0	0	0	0	0	0	1	0	0	0	0	0	0	0	0	0	0	1
Viruses;Orthornavirae;Kitrinoviricota;Magsaviricetes;Nodamuvirales;Sinhaliviridae;Sinaivirus;Lake Sinai virus	0	0	0	0	0	0	0	0	1	0	0	0	0	0	0	0	0	0	0	0	0	0	0	0	1
Viruses;Bamfordvirae;Nucleocytoviricota;Pokkesviricetes;Chitovirales;Poxviridae;Orthopoxvirus;Orthopoxvirus abatinomacacapox	0	0	0	0	0	1	0	0	0	0	0	0	0	0	0	0	0	0	0	0	0	0	0	0	1
Bacteria;Bacteria_none;Pseudomonadota;Gammaproteobacteria;Orbales;Orbaceae;Zophobihabitans;Zophobihabitans entericus	0	0	0	0	0	0	0	0	0	0	0	0	0	0	0	0	0	0	1	0	0	0	0	0	1
Eukaryota;Fungi;Ascomycota;Sordariomycetes;Hypocreales;Hypocreales_Incertae_sedis;Chlamydocillium;Chlamydocillium curvulum	1	0	0	0	0	0	0	0	0	0	0	0	0	0	0	0	0	0	0	0	0	0	0	0	1
Viruses;Bamfordvirae;Nucleocytoviricota;Megaviricetes;Pimascovirales;Iridoviridae;Iridovirus;Invertebrate iridescent virus 6	0	0	0	0	1	0	0	0	0	0	0	0	0	0	0	0	0	0	0	0	0	0	0	0	1
Viruses;Heunggongvirae;Peploviricota;Herviviricetes;Herpesvirales;Orthoherpesviridae;Macavirus;Macavirus ovinegamma2	0	0	0	0	0	0	0	0	0	0	0	0	1	0	0	0	0	0	0	0	0	0	0	0	1
Viruses;Bamfordvirae;Nucleocytoviricota;Megaviricetes;Algavirales;Phycodnaviridae;Phycodnaviridae_Incertae_sedis;Orpheovirus IHUMI-LCC2	0	0	0	0	0	0	0	0	0	0	0	0	0	0	1	0	0	0	0	0	0	0	0	0	1
Viruses;Heunggongvirae;Peploviricota;Herviviricetes;Herpesvirales;Orthoherpesviridae;Simplexvirus;Simplexvirus atelinealpha1	0	0	0	0	0	0	0	0	0	0	1	0	0	0	0	0	0	0	0	0	0	0	0	0	1
Eukaryota;Fungi;Mucoromycota;Endogonomycetes;Endogonales;Endogonaceae;Endogone;Endogone botryocarpus	0	0	0	0	0	0	0	0	0	0	0	1	0	0	0	0	0	0	0	0	0	0	0	0	1
Eukaryota;Fungi;Basidiomycota;Malasseziomycetes;Malasseziales;Malasseziaceae;Malassezia;Malassezia restricta	0	0	0	0	0	0	0	0	0	0	0	0	0	0	1	0	0	0	0	0	0	0	0	0	1
Eukaryota;Fungi;Basidiomycota;Malasseziomycetes;Malasseziales;Malasseziaceae;Malassezia;Malassezia japonica	0	0	0	0	0	0	0	0	0	0	0	0	0	1	0	0	0	0	0	0	0	0	0	0	1
Eukaryota;Fungi;Ascomycota;Saccharomycetes;Phaffomycetales;Phaffomycetaceae;Phaffomyces;Phaffomyces antillensis	0	0	0	0	1	0	0	0	0	0	0	0	0	0	0	0	0	0	0	0	0	0	0	0	1
Bacteria;Bacteria_none;Pseudomonadota;Gammaproteobacteria;Pasteurellales;Pasteurellaceae;Mannheimia;Mannheimia ruminalis	0	0	0	0	0	0	0	0	1	0	0	0	0	0	0	0	0	0	0	0	0	0	0	0	1
Eukaryota;Fungi;Ascomycota;Eurotiomycetes;Onygenales;Onygenales_Incertae_sedis;Polytolypa;Polytolypa hystricis	0	0	0	0	0	0	0	0	0	0	1	0	0	0	0	0	0	0	0	0	0	0	0	0	1
Eukaryota;Fungi;Ascomycota;Eurotiomycetes;Eurotiales;Aspergillaceae;Xeromyces;Xeromyces bisporus	0	0	0	0	0	0	0	0	0	0	1	0	0	0	0	0	0	0	0	0	0	0	0	0	1
Viruses;Heunggongvirae;Peploviricota;Herviviricetes;Herpesvirales;Orthoherpesviridae;Varicellovirus;Varicellovirus bubalinealpha1	0	0	0	0	0	0	0	0	1	0	0	0	0	0	0	0	0	0	0	0	0	0	0	0	1
Viruses;Heunggongvirae;Peploviricota;Herviviricetes;Herpesvirales;Orthoherpesviridae;Varicellovirus;Varicellovirus cervidalpha3	0	0	0	0	0	0	0	0	0	0	0	0	0	0	0	0	0	0	0	0	0	0	0	1	1
Bacteria;Bacteria_none;Pseudomonadota;Gammaproteobacteria;Thiotrichales;Piscirickettsiaceae;Methylophaga;Methylophaga muralis	1	0	0	0	0	0	0	0	0	0	0	0	0	0	0	0	0	0	0	0	0	0	0	0	1
Bacteria;Bacteria_none;Pseudomonadota;Gammaproteobacteria;Pseudomonadales;Pseudomonadaceae;Thiopseudomonas;Thiopseudomonas denitrificans	0	0	0	0	0	0	0	0	0	0	0	0	0	0	0	0	0	0	0	0	1	0	0	0	1
Bacteria;Bacteria_none;Pseudomonadota;Gammaproteobacteria;Pseudomonadales;Pseudomonadaceae;Pseudomonas;Pseudomonas nitritireducens	0	0	0	0	0	0	0	0	0	0	0	0	0	0	0	0	0	0	0	1	0	0	0	0	1
Viruses;Heunggongvirae;Uroviricota;Caudoviricetes;Caudoviricetes_Incertae_sedis;Caudoviricetes_Incertae_sedis;Lambdavirus;Lambdavirus HK630	0	0	0	0	0	0	0	0	0	0	0	0	0	0	0	1	0	0	0	0	0	0	0	0	1
Bacteria;Bacteria_none;Pseudomonadota;Betaproteobacteria;Neisseriales;Neisseriaceae;Neisseria;Neisseria weaveri	0	0	0	0	0	0	0	0	1	0	0	0	0	0	0	0	0	0	0	0	0	0	0	0	1
Bacteria;Bacteria_none;Pseudomonadota;Gammaproteobacteria;Enterobacterales;Morganellaceae;Proteus;Proteus terrae	0	0	0	0	0	0	0	0	0	0	0	0	0	0	1	0	0	0	0	0	0	0	0	0	1
Bacteria;Bacteria_none;Pseudomonadota;Alphaproteobacteria;Hyphomicrobiales;Rhizobiaceae;Pseudorhizobium;Pseudorhizobium marinum	1	0	0	0	0	0	0	0	0	0	0	0	0	0	0	0	0	0	0	0	0	0	0	0	1
Bacteria;Bacteria_none;Bacteroidota;Bacteroidia;Bacteroidales;Bacteroidaceae;Bacteroides;Bacteroides graminisolvens	1	0	0	0	0	0	0	0	0	0	0	0	0	0	0	0	0	0	0	0	0	0	0	0	1
Bacteria;Bacteria_none;Bacteroidota;Bacteroidia;Bacteroidales;Tannerellaceae;Tannerella;Tannerella serpentiformis	0	0	0	0	0	0	0	0	0	0	0	0	0	0	0	0	0	0	0	0	0	1	0	0	1
Bacteria;Bacteria_none;Bacteroidota;Bacteroidia;Marinilabiliales;Marinilabiliaceae;Saccharicrinis;Saccharicrinis aurantiacus	0	0	0	0	0	0	0	0	0	0	0	0	0	0	0	0	0	1	0	0	0	0	0	0	1
Bacteria;Bacteria_none;Bacteroidota;Flavobacteriia;Flavobacteriales;Weeksellaceae;Weeksella;Weeksella massiliensis	0	0	0	0	0	0	0	0	0	0	1	0	0	0	0	0	0	0	0	0	0	0	0	0	1
Bacteria;Bacteria_none;Pseudomonadota;Alphaproteobacteria;Hyphomicrobiales;Phyllobacteriaceae;Mesorhizobium;Mesorhizobium mediterraneum	0	0	0	0	0	0	0	0	0	0	0	0	0	0	1	0	0	0	0	0	0	0	0	0	1
Bacteria;Bacteria_none;Pseudomonadota;Alphaproteobacteria;Hyphomicrobiales;Rhizobiaceae;Agrobacterium;Agrobacterium leguminum	0	0	0	0	1	0	0	0	0	0	0	0	0	0	0	0	0	0	0	0	0	0	0	0	1
Bacteria;Bacteria_none;Pseudomonadota;Alphaproteobacteria;Rhodospirillales;Acetobacteraceae;Acidicaldus;Acidicaldus organivorans	0	0	0	0	0	0	0	0	0	0	1	0	0	0	0	0	0	0	0	0	0	0	0	0	1
Bacteria;Bacteria_none;Pseudomonadota;Gammaproteobacteria;Enterobacterales;Morganellaceae;Proteus;Proteus myxofaciens	0	0	0	0	0	0	0	1	0	0	0	0	0	0	0	0	0	0	0	0	0	0	0	0	1
Bacteria;Bacteria_none;Pseudomonadota;Alphaproteobacteria;Rhodospirillales;Acetobacteraceae;Bombella;Bombella mellum	0	0	0	0	0	0	0	0	0	0	0	0	0	0	1	0	0	0	0	0	0	0	0	0	1
Bacteria;Bacteria_none;Pseudomonadota;Alphaproteobacteria;Rhodospirillales;Acetobacteraceae;Gluconacetobacter;Gluconacetobacter diazotrophicus	1	0	0	0	0	0	0	0	0	0	0	0	0	0	0	0	0	0	0	0	0	0	0	0	1
Bacteria;Bacteria_none;Pseudomonadota;Alphaproteobacteria;Rhodospirillales;Acetobacteraceae;Gluconacetobacter;Gluconacetobacter tumulisoli	0	0	0	0	1	0	0	0	0	0	0	0	0	0	0	0	0	0	0	0	0	0	0	0	1
Bacteria;Bacteria_none;Pseudomonadota;Alphaproteobacteria;Rhodospirillales;Acetobacteraceae;Gluconobacter;Gluconobacter kanchanaburiensis	1	0	0	0	0	0	0	0	0	0	0	0	0	0	0	0	0	0	0	0	0	0	0	0	1
Bacteria;Bacteria_none;Pseudomonadota;Alphaproteobacteria;Rhodospirillales;Acetobacteraceae;Gluconobacter;Gluconobacter morbifer	1	0	0	0	0	0	0	0	0	0	0	0	0	0	0	0	0	0	0	0	0	0	0	0	1
Bacteria;Bacteria_none;Pseudomonadota;Alphaproteobacteria;Rhodospirillales;Acetobacteraceae;Gluconobacter;Gluconobacter thailandicus	0	0	0	0	0	0	0	0	0	0	1	0	0	0	0	0	0	0	0	0	0	0	0	0	1
Bacteria;Bacteria_none;Bacillota;Bacilli;Lactobacillales;Lactobacillaceae;Limosilactobacillus;Limosilactobacillus reuteri	0	0	0	0	0	0	0	0	1	0	0	0	0	0	0	0	0	0	0	0	0	0	0	0	1
Bacteria;Bacteria_none;Bacillota;Bacilli;Lactobacillales;Lactobacillaceae;Lentilactobacillus;Lentilactobacillus buchneri	0	0	0	0	1	0	0	0	0	0	0	0	0	0	0	0	0	0	0	0	0	0	0	0	1
Bacteria;Bacteria_none;Bacillota;Bacilli;Lactobacillales;Lactobacillaceae;Lactobacillus;Lactobacillus acetotolerans	0	0	0	0	0	0	0	0	0	0	0	0	0	1	0	0	0	0	0	0	0	0	0	0	1
Bacteria;Bacteria_none;Bacillota;Bacilli;Lactobacillales;Lactobacillaceae;Fructobacillus;Fructobacillus tropaeoli	0	0	0	0	0	0	0	0	0	0	0	0	0	0	0	0	0	0	0	0	0	0	1	0	1
Bacteria;Bacteria_none;Bacillota;Bacilli;Lactobacillales;Lactobacillaceae;Fructobacillus;Fructobacillus papyriferae	1	0	0	0	0	0	0	0	0	0	0	0	0	0	0	0	0	0	0	0	0	0	0	0	1
Bacteria;Bacteria_none;Bacillota;Bacilli;Lactobacillales;Lactobacillaceae;Companilactobacillus;Companilactobacillus nuruki	0	0	0	0	0	0	0	0	1	0	0	0	0	0	0	0	0	0	0	0	0	0	0	0	1
Bacteria;Bacteria_none;Bacillota;Bacilli;Lactobacillales;Lactobacillaceae;Companilactobacillus;Companilactobacillus bobalius	0	0	0	0	0	0	0	0	0	0	0	0	0	0	0	0	0	0	0	1	0	0	0	0	1
Bacteria;Bacteria_none;Bacillota;Bacilli;Lactobacillales;Lactobacillaceae;Bombilactobacillus;Bombilactobacillus folatiphilus	0	0	0	0	0	0	1	0	0	0	0	0	0	0	0	0	0	0	0	0	0	0	0	0	1
Bacteria;Bacteria_none;Actinomycetota;Actinomycetes;Bifidobacteriales;Bifidobacteriaceae;Parascardovia;Parascardovia denticolens	1	0	0	0	0	0	0	0	0	0	0	0	0	0	0	0	0	0	0	0	0	0	0	0	1
Bacteria;Bacteria_none;Actinomycetota;Actinomycetes;Bifidobacteriales;Bifidobacteriaceae;Bifidobacterium;Bifidobacterium thermophilum	0	0	0	0	0	0	0	0	0	0	0	0	0	0	0	0	0	1	0	0	0	0	0	0	1
Bacteria;Bacteria_none;Actinomycetota;Actinomycetes;Bifidobacteriales;Bifidobacteriaceae;Bifidobacterium;Bifidobacterium ruminantium	1	0	0	0	0	0	0	0	0	0	0	0	0	0	0	0	0	0	0	0	0	0	0	0	1
Bacteria;Bacteria_none;Actinomycetota;Actinomycetes;Bifidobacteriales;Bifidobacteriaceae;Bifidobacterium;Bifidobacterium merycicum	0	0	0	0	0	0	0	0	1	0	0	0	0	0	0	0	0	0	0	0	0	0	0	0	1
Bacteria;Bacteria_none;Actinomycetota;Actinomycetes;Bifidobacteriales;Bifidobacteriaceae;Bifidobacterium;Bifidobacterium dentium	0	0	0	0	0	0	0	0	0	0	0	0	1	0	0	0	0	0	0	0	0	0	0	0	1
Bacteria;Bacteria_none;Actinomycetota;Actinomycetes;Bifidobacteriales;Bifidobacteriaceae;Bifidobacterium;Bifidobacterium catenulatum	0	0	1	0	0	0	0	0	0	0	0	0	0	0	0	0	0	0	0	0	0	0	0	0	1
Bacteria;Bacteria_none;Actinomycetota;Actinomycetes;Bifidobacteriales;Bifidobacteriaceae;Bifidobacterium;Bifidobacterium callitrichos	0	0	1	0	0	0	0	0	0	0	0	0	0	0	0	0	0	0	0	0	0	0	0	0	1
Bacteria;Bacteria_none;Actinomycetota;Actinomycetes;Bifidobacteriales;Bifidobacteriaceae;Bifidobacterium;Bifidobacterium bombi	1	0	0	0	0	0	0	0	0	0	0	0	0	0	0	0	0	0	0	0	0	0	0	0	1
Bacteria;Bacteria_none;Actinomycetota;Actinomycetes;Bifidobacteriales;Bifidobacteriaceae;Bifidobacterium;Bifidobacterium avesanii	1	0	0	0	0	0	0	0	0	0	0	0	0	0	0	0	0	0	0	0	0	0	0	0	1
Bacteria;Bacteria_none;Pseudomonadota;Alphaproteobacteria;Rhodospirillales;Acetobacteraceae;Novacetimonas;Novacetimonas hansenii	0	0	0	0	0	0	0	0	0	0	0	0	0	0	0	0	0	0	0	0	1	0	0	0	1
Bacteria;Bacteria_none;Pseudomonadota;Alphaproteobacteria;Rhodospirillales;Acetobacteraceae;Saccharibacter;Saccharibacter floricola	0	0	0	0	0	0	0	0	0	0	0	0	0	0	0	0	0	1	0	0	0	0	0	0	1
Bacteria;Bacteria_none;Pseudomonadota;Alphaproteobacteria;Rhodospirillales;Acetobacteraceae;Swingsia;Swingsia samuiensis	0	0	0	0	0	0	0	0	0	0	0	0	0	0	0	0	0	1	0	0	0	0	0	0	1
Bacteria;Bacteria_none;Pseudomonadota;Gammaproteobacteria;Enterobacterales;Enterobacteriaceae;Franconibacter;Franconibacter pulveris	0	0	0	0	0	0	0	0	0	0	0	0	0	1	0	0	0	0	0	0	0	0	0	0	1
Bacteria;Bacteria_none;Pseudomonadota;Gammaproteobacteria;Enterobacterales;Erwiniaceae;Rosenbergiella;Rosenbergiella australiborealis	1	0	0	0	0	0	0	0	0	0	0	0	0	0	0	0	0	0	0	0	0	0	0	0	1
Bacteria;Bacteria_none;Pseudomonadota;Gammaproteobacteria;Enterobacterales;Erwiniaceae;Pantoea;[Curtobacterium] plantarum	0	0	0	0	0	0	1	0	0	0	0	0	0	0	0	0	0	0	0	0	0	0	0	0	1
Bacteria;Bacteria_none;Pseudomonadota;Gammaproteobacteria;Enterobacterales;Erwiniaceae;Pantoea;Pantoea wallisii	0	0	0	0	0	0	0	0	0	0	0	1	0	0	0	0	0	0	0	0	0	0	0	0	1
Bacteria;Bacteria_none;Pseudomonadota;Gammaproteobacteria;Enterobacterales;Erwiniaceae;Pantoea;Pantoea dispersa	1	0	0	0	0	0	0	0	0	0	0	0	0	0	0	0	0	0	0	0	0	0	0	0	1
Bacteria;Bacteria_none;Pseudomonadota;Gammaproteobacteria;Enterobacterales;Erwiniaceae;Pantoea;Pantoea deleyi	0	0	0	0	0	1	0	0	0	0	0	0	0	0	0	0	0	0	0	0	0	0	0	0	1
Bacteria;Bacteria_none;Pseudomonadota;Gammaproteobacteria;Enterobacterales;Erwiniaceae;Pantoea;Pantoea anthophila	0	0	0	0	0	1	0	0	0	0	0	0	0	0	0	0	0	0	0	0	0	0	0	0	1
Bacteria;Bacteria_none;Pseudomonadota;Gammaproteobacteria;Enterobacterales;Erwiniaceae;Mixta;Mixta mediterraneensis	0	0	0	0	0	0	0	0	0	0	0	0	0	1	0	0	0	0	0	0	0	0	0	0	1
Bacteria;Bacteria_none;Pseudomonadota;Gammaproteobacteria;Enterobacterales;Erwiniaceae;Izhakiella;Izhakiella australiensis	0	0	0	0	0	0	0	0	0	0	0	0	0	1	0	0	0	0	0	0	0	0	0	0	1
Bacteria;Bacteria_none;Pseudomonadota;Gammaproteobacteria;Enterobacterales;Erwiniaceae;Erwinia;Erwinia tasmaniensis	0	0	0	0	0	0	0	0	0	0	0	0	0	0	0	0	0	0	0	0	0	1	0	0	1
Bacteria;Bacteria_none;Pseudomonadota;Gammaproteobacteria;Enterobacterales;Enterobacteriaceae;Raoultella;Raoultella planticola	0	0	0	0	0	0	0	0	0	0	0	0	0	0	0	0	0	0	0	0	1	0	0	0	1
Bacteria;Bacteria_none;Pseudomonadota;Gammaproteobacteria;Enterobacterales;Enterobacteriaceae;Leclercia;Leclercia adecarboxylata	0	0	0	0	0	0	0	0	0	0	0	0	0	0	0	0	0	0	0	1	0	0	0	0	1
Bacteria;Bacteria_none;Pseudomonadota;Gammaproteobacteria;Enterobacterales;Enterobacteriaceae;Kosakonia;Kosakonia cowanii	0	0	0	0	0	0	1	0	0	0	0	0	0	0	0	0	0	0	0	0	0	0	0	0	1
Bacteria;Bacteria_none;Pseudomonadota;Gammaproteobacteria;Enterobacterales;Enterobacteriaceae;Klebsiella;Klebsiella pneumoniae	1	0	0	0	0	0	0	0	0	0	0	0	0	0	0	0	0	0	0	0	0	0	0	0	1
Bacteria;Bacteria_none;Pseudomonadota;Gammaproteobacteria;Enterobacterales;Enterobacteriaceae;Klebsiella;Klebsiella aerogenes	0	0	0	0	0	0	1	0	0	0	0	0	0	0	0	0	0	0	0	0	0	0	0	0	1
Bacteria;Bacteria_none;Pseudomonadota;Gammaproteobacteria;Enterobacterales;Enterobacteriaceae;Enterobacter;Enterobacter sichuanensis	0	0	0	0	0	0	0	0	0	0	0	0	0	1	0	0	0	0	0	0	0	0	0	0	1
Bacteria;Bacteria_none;Pseudomonadota;Betaproteobacteria;Burkholderiales;Burkholderiaceae;Ralstonia;Ralstonia mannitolilytica	0	0	0	0	0	0	0	0	0	0	0	0	0	0	0	0	0	0	0	0	0	0	0	1	1
Bacteria;Bacteria_none;Pseudomonadota;Gammaproteobacteria;Enterobacterales;Enterobacteriaceae;Enterobacter;Enterobacter hormaechei	0	0	0	0	0	0	0	0	0	0	0	0	0	0	0	0	0	0	0	0	0	0	0	1	1
Bacteria;Bacteria_none;Pseudomonadota;Gammaproteobacteria;Enterobacterales;Enterobacteriaceae;Enterobacter;Enterobacter chuandaensis	0	0	0	0	0	0	0	0	1	0	0	0	0	0	0	0	0	0	0	0	0	0	0	0	1
Bacteria;Bacteria_none;Pseudomonadota;Gammaproteobacteria;Enterobacterales;Enterobacteriaceae;Citrobacter;Citrobacter koseri	0	0	0	0	0	0	0	0	0	0	0	0	0	0	0	0	0	0	0	1	0	0	0	0	1
Bacteria;Bacteria_none;Pseudomonadota;Gammaproteobacteria;Enterobacterales;Enterobacteriaceae;Citrobacter;Citrobacter europaeus	0	0	0	0	0	0	0	0	0	0	0	0	0	0	0	0	0	1	0	0	0	0	0	0	1
Bacteria;Bacteria_none;Pseudomonadota;Gammaproteobacteria;Enterobacterales;Enterobacteriaceae;Citrobacter;Citrobacter bitternis	0	0	0	0	0	0	0	0	0	0	0	0	1	0	0	0	0	0	0	0	0	0	0	0	1
Bacteria;Bacteria_none;Pseudomonadota;Gammaproteobacteria;Alteromonadales;Shewanellaceae;Shewanella;Shewanella mangrovi	1	0	0	0	0	0	0	0	0	0	0	0	0	0	0	0	0	0	0	0	0	0	0	0	1
Bacteria;Bacteria_none;Pseudomonadota;Betaproteobacteria;Neisseriales;Neisseriaceae;Uruburuella;Uruburuella suis	0	0	0	0	0	1	0	0	0	0	0	0	0	0	0	0	0	0	0	0	0	0	0	0	1
Bacteria;Bacteria_none;Pseudomonadota;Betaproteobacteria;Neisseriales;Neisseriaceae;Neisseria;Neisseria perflava	0	0	0	0	0	0	0	0	0	0	1	0	0	0	0	0	0	0	0	0	0	0	0	0	1
Bacteria;Bacteria_none;Pseudomonadota;Betaproteobacteria;Neisseriales;Neisseriaceae;Neisseria;Neisseria flavescens	0	0	1	0	0	0	0	0	0	0	0	0	0	0	0	0	0	0	0	0	0	0	0	0	1
Bacteria;Bacteria_none;Pseudomonadota;Betaproteobacteria;Neisseriales;Neisseriaceae;Neisseria;Neisseria chenwenguii	0	0	0	0	0	0	0	0	0	0	0	0	0	1	0	0	0	0	0	0	0	0	0	0	1
Bacteria;Bacteria_none;Pseudomonadota;Betaproteobacteria;Neisseriales;Neisseriaceae;Neisseria;Neisseria animaloris	0	0	0	0	0	0	0	0	0	0	0	1	0	0	0	0	0	0	0	0	0	0	0	0	1
Bacteria;Bacteria_none;Pseudomonadota;Betaproteobacteria;Neisseriales;Neisseriaceae;Alysiella;Alysiella filiformis	0	0	0	0	0	0	0	0	0	0	0	0	1	0	0	0	0	0	0	0	0	0	0	0	1
Bacteria;Bacteria_none;Pseudomonadota;Betaproteobacteria;Neisseriales;Chitinibacteraceae;Andreprevotia;Andreprevotia chitinilytica	0	0	0	0	1	0	0	0	0	0	0	0	0	0	0	0	0	0	0	0	0	0	0	0	1
Bacteria;Bacteria_none;Pseudomonadota;Betaproteobacteria;Neisseriales;Aquaspirillaceae;Aquaspirillum;Aquaspirillum serpens	0	0	0	0	0	0	0	0	0	0	0	0	0	0	0	0	0	0	0	0	0	0	1	0	1
Viruses;Viruses_Incertae_sedis;Viruses_Incertae_sedis;Viruses_Incertae_sedis;Viruses_Incertae_sedis;Viruses_Incertae_sedis;Viruses_Incertae_sedis;Thika virus	0	0	0	0	1	0	0	0	0	0	0	0	0	0	0	0	0	0	0	0	0	0	0	0	1
